bids_name,fd_mean,fd_perc,fd_num
sub-101_task-choose_run-01_bold,0.057736697,0,0
sub-101_task-choose_run-02_bold,0.064251482,0,0
sub-101_task-choose_run-03_bold,0.075556384,1.538461538,2
sub-101_task-choose_run-04_bold,0.083531995,1.550387597,2
sub-101_task-choose_run-05_bold,0.08075409,5.384615385,7
sub-101_task-choose_run-06_bold,0.085451709,4.615384615,6
sub-101_task-choose_run-07_bold,0.099731299,4.615384615,6
sub-101_task-choose_run-08_bold,0.08837356,2.325581395,3
sub-101_task-choose_run-09_bold,0.079218449,3.846153846,5
sub-101_task-gonogo_run-01_bold,0.060467205,0,0
sub-101_task-gonogo_run-02_bold,0.066492789,2.222222222,2
sub-101_task-switch_bold,0.102216646,6.043956044,11
sub-102_task-choose_run-01_bold,0.071581589,1.538461538,2
sub-102_task-choose_run-02_bold,0.067203187,0,0
sub-102_task-choose_run-03_bold,0.069124513,0,0
sub-102_task-choose_run-04_bold,0.066901188,0,0
sub-102_task-choose_run-05_bold,0.062983886,1.538461538,2
sub-102_task-choose_run-06_bold,0.066731857,1.538461538,2
sub-102_task-choose_run-07_bold,0.063605442,0,0
sub-102_task-choose_run-08_bold,0.069167828,1.538461538,2
sub-102_task-choose_run-09_bold,0.064846779,1.538461538,2
sub-102_task-gonogo_run-01_bold,0.045936309,0,0
sub-102_task-gonogo_run-02_bold,0.052444349,1.063829787,1
sub-102_task-switch_bold,0.052247627,0,0
sub-103_task-choose_run-01_bold,0.093734709,3.076923077,4
sub-103_task-choose_run-02_bold,0.110258499,4.615384615,6
sub-103_task-choose_run-03_bold,0.093766362,4.651162791,6
sub-103_task-choose_run-04_bold,0.093016483,0,0
sub-103_task-choose_run-05_bold,0.095129982,1.538461538,2
sub-103_task-choose_run-06_bold,0.078869217,0,0
sub-103_task-choose_run-07_bold,0.119365013,6.923076923,9
sub-103_task-choose_run-08_bold,0.11122988,12.30769231,16
sub-103_task-choose_run-09_bold,0.100562054,6.153846154,8
sub-103_task-gonogo_run-01_bold,0.069722377,0,0
sub-103_task-gonogo_run-02_bold,0.075659615,4,4
sub-103_task-switch_bold,0.070761732,0.543478261,1
sub-104_task-choose_run-01_bold,0.057702751,0,0
sub-104_task-choose_run-02_bold,0.093081948,5.384615385,7
sub-104_task-choose_run-03_bold,0.090919869,3.846153846,5
sub-104_task-choose_run-04_bold,0.240247423,29.23076923,38
sub-104_task-choose_run-05_bold,0.133784344,12.30769231,16
sub-104_task-choose_run-06_bold,0.208194405,26.15384615,34
sub-104_task-choose_run-07_bold,0.14733631,16.15384615,21
sub-104_task-choose_run-08_bold,0.13110012,13.84615385,18
sub-104_task-choose_run-09_bold,0.147506431,26.15384615,34
sub-104_task-gonogo_run-01_bold,0.068422015,0,0
sub-104_task-gonogo_run-02_bold,0.09237034,5,5
sub-104_task-switch_bold,0.098091026,5.789473684,11
sub-105_task-choose_run-01_bold,0.077663266,1.538461538,2
sub-105_task-choose_run-02_bold,0.091899765,6.201550388,8
sub-105_task-choose_run-03_bold,0.140787275,17.82945736,23
sub-105_task-choose_run-04_bold,0.287714327,51.53846154,67
sub-105_task-choose_run-05_bold,0.236901186,40,52
sub-105_task-choose_run-06_bold,0.348911096,51.1627907,66
sub-105_task-choose_run-07_bold,0.29719518,41.08527132,53
sub-105_task-choose_run-08_bold,0.555789266,64.34108527,83
sub-105_task-choose_run-09_bold,0.124348154,15.50387597,20
sub-105_task-gonogo_run-01_bold,0.166706066,25,25
sub-105_task-gonogo_run-02_bold,0.171936392,22.22222222,22
sub-105_task-switch_bold,0.360483154,53.43915344,101
sub-106_task-choose_run-01_bold,0.144538583,16.15384615,21
sub-106_task-choose_run-02_bold,0.121346938,10.76923077,14
sub-106_task-choose_run-03_bold,0.106932379,8.461538462,11
sub-106_task-choose_run-04_bold,0.099068594,5.384615385,7
sub-106_task-choose_run-05_bold,0.166139975,27.69230769,36
sub-106_task-choose_run-06_bold,0.172544779,25.38461538,33
sub-106_task-choose_run-07_bold,0.168129602,26.15384615,34
sub-106_task-choose_run-08_bold,0.1400603,19.23076923,25
sub-106_task-choose_run-09_bold,0.198465518,39.23076923,51
sub-106_task-gonogo_run-01_bold,0.131321076,16.84210526,16
sub-106_task-gonogo_run-02_bold,0.259438242,44,44
sub-106_task-switch_bold,0.223702208,46.31578947,88
sub-107_task-choose_run-01_bold,0.114887105,6.923076923,9
sub-107_task-choose_run-02_bold,0.101852011,3.875968992,5
sub-107_task-choose_run-03_bold,0.10445367,4.615384615,6
sub-107_task-choose_run-04_bold,0.113088906,7.692307692,10
sub-107_task-choose_run-05_bold,0.178787888,20,26
sub-107_task-choose_run-06_bold,0.146908125,13.84615385,18
sub-107_task-choose_run-07_bold,0.167179297,16.92307692,22
sub-107_task-choose_run-08_bold,0.21100017,25.38461538,33
sub-107_task-choose_run-09_bold,0.09596441,6.153846154,8
sub-107_task-gonogo_run-01_bold,0.12416953,8,8
sub-107_task-gonogo_run-02_bold,0.100215832,4.04040404,4
sub-107_task-switch_bold,0.114342279,7.894736842,15
sub-108_task-choose_run-01_bold,0.065217444,2.307692308,3
sub-108_task-choose_run-02_bold,0.057242319,0,0
sub-108_task-choose_run-03_bold,0.04590624,0.78125,1
sub-108_task-choose_run-04_bold,0.046229222,0,0
sub-108_task-choose_run-05_bold,0.056212077,1.550387597,2
sub-108_task-choose_run-06_bold,0.069252528,3.846153846,5
sub-108_task-choose_run-07_bold,0.06579709,0.775193798,1
sub-108_task-choose_run-08_bold,0.060170104,1.550387597,2
sub-108_task-choose_run-09_bold,0.074371137,3.846153846,5
sub-108_task-gonogo_run-01_bold,0.07478938,4.081632653,4
sub-108_task-gonogo_run-02_bold,0.078496867,3.03030303,3
sub-108_task-switch_bold,0.081924644,3.703703704,7
sub-109_task-choose_run-01_bold,0.080377966,0.769230769,1
sub-109_task-choose_run-02_bold,0.079795922,0,0
sub-109_task-choose_run-03_bold,0.092698861,0.775193798,1
sub-109_task-choose_run-04_bold,0.0857315,3.076923077,4
sub-109_task-choose_run-05_bold,0.086789902,3.100775194,4
sub-109_task-choose_run-06_bold,0.081953598,2.307692308,3
sub-109_task-choose_run-07_bold,0.082086339,2.307692308,3
sub-109_task-choose_run-08_bold,0.085637357,1.550387597,2
sub-109_task-choose_run-09_bold,0.082130017,1.538461538,2
sub-109_task-gonogo_run-01_bold,0.07252596,3.191489362,3
sub-109_task-gonogo_run-02_bold,0.087468609,4.081632653,4
sub-109_task-switch_bold,0.080689226,2.645502646,5
sub-110_task-choose_run-01_bold,0.084202837,0,0
sub-110_task-choose_run-02_bold,0.080729432,0,0
sub-110_task-choose_run-03_bold,0.0977475,4.651162791,6
sub-110_task-choose_run-04_bold,0.1032741,6.153846154,8
sub-110_task-choose_run-05_bold,0.102225922,7.692307692,10
sub-110_task-choose_run-06_bold,0.110139192,10,13
sub-110_task-choose_run-07_bold,0.094231682,4.615384615,6
sub-110_task-choose_run-08_bold,0.090279221,3.846153846,5
sub-110_task-choose_run-09_bold,0.09808004,6.153846154,8
sub-110_task-gonogo_run-01_bold,0.115165259,6.060606061,6
sub-110_task-gonogo_run-02_bold,0.086921093,1,1
sub-110_task-switch_bold,0.080679278,3.157894737,6
sub-111_task-choose_run-01_bold,0.098223116,3.846153846,5
sub-111_task-choose_run-02_bold,0.09754328,2.307692308,3
sub-111_task-choose_run-03_bold,0.095862705,4.651162791,6
sub-111_task-choose_run-04_bold,0.108332492,2.325581395,3
sub-111_task-choose_run-05_bold,0.098345575,3.076923077,4
sub-111_task-choose_run-06_bold,0.1130066,8.527131783,11
sub-111_task-choose_run-07_bold,0.111188454,3.875968992,5
sub-111_task-choose_run-08_bold,0.120553924,9.230769231,12
sub-111_task-choose_run-09_bold,0.145076573,13.95348837,18
sub-111_task-gonogo_run-01_bold,0.112591495,7.142857143,7
sub-111_task-gonogo_run-02_bold,0.105231394,6.12244898,6
sub-111_task-switch_bold,0.133850541,12.16931217,23
sub-112_task-choose_run-01_bold,0.056734081,0,0
sub-112_task-choose_run-02_bold,0.067707532,0.775193798,1
sub-112_task-choose_run-03_bold,0.060810106,0,0
sub-112_task-choose_run-04_bold,0.072872865,0.769230769,1
sub-112_task-choose_run-05_bold,0.066536285,1.538461538,2
sub-112_task-choose_run-06_bold,0.073348361,1.538461538,2
sub-112_task-choose_run-07_bold,0.076398567,1.538461538,2
sub-112_task-choose_run-08_bold,0.074517172,0,0
sub-112_task-choose_run-09_bold,0.058366089,0.775193798,1
sub-112_task-gonogo_run-01_bold,0.044333254,0,0
sub-112_task-gonogo_run-02_bold,0.057376491,1.01010101,1
sub-112_task-switch_bold,0.050368414,0,0
sub-113_task-choose_run-01_bold,0.137936741,9.302325581,12
sub-113_task-choose_run-02_bold,0.150246028,21.70542636,28
sub-113_task-choose_run-03_bold,0.144962038,17.69230769,23
sub-113_task-choose_run-04_bold,0.126637209,16.92307692,22
sub-113_task-choose_run-05_bold,0.189691278,35.43307087,45
sub-113_task-choose_run-06_bold,0.09417042,9.230769231,12
sub-113_task-choose_run-07_bold,0.205867802,36.92307692,48
sub-113_task-choose_run-08_bold,0.232828576,37.69230769,49
sub-113_task-choose_run-09_bold,0.305236115,51.5625,66
sub-113_task-gonogo_run-01_bold,0.24326586,35,35
sub-113_task-gonogo_run-02_bold,0.29913924,51.54639175,50
sub-113_task-switch_bold,0.164042379,26.06382979,49
sub-114_task-choose_run-01_bold,0.08605702,0,0
sub-114_task-choose_run-02_bold,0.094898496,2.307692308,3
sub-114_task-choose_run-03_bold,0.093286814,0.769230769,1
sub-114_task-choose_run-04_bold,0.088895169,0,0
sub-114_task-choose_run-05_bold,0.084498476,0,0
sub-114_task-choose_run-06_bold,0.086120024,0.775193798,1
sub-114_task-choose_run-07_bold,0.084726895,0.775193798,1
sub-114_task-choose_run-08_bold,0.090119587,0,0
sub-114_task-choose_run-09_bold,0.092791889,0,0
sub-114_task-gonogo_run-01_bold,0.06979573,0,0
sub-114_task-gonogo_run-02_bold,0.074353446,0,0
sub-114_task-switch_bold,0.088000335,0,0
sub-115_task-choose_run-01_bold,0.184517286,36.92307692,48
sub-115_task-choose_run-02_bold,0.215922258,44.61538462,58
sub-115_task-choose_run-03_bold,0.19252614,44.61538462,58
sub-115_task-choose_run-04_bold,0.168309457,35.38461538,46
sub-115_task-choose_run-05_bold,0.157968891,30,39
sub-115_task-choose_run-06_bold,0.153069592,27.69230769,36
sub-115_task-choose_run-07_bold,0.190496487,40.76923077,53
sub-115_task-choose_run-08_bold,0.218521231,43.84615385,57
sub-115_task-choose_run-09_bold,0.195064718,43.07692308,56
sub-115_task-gonogo_run-01_bold,0.107123919,10,10
sub-115_task-gonogo_run-02_bold,0.13736239,22,22
sub-115_task-switch_bold,0.142612893,16.93121693,32
sub-116_task-choose_run-01_bold,0.125572773,4.615384615,6
sub-116_task-choose_run-02_bold,0.140979761,17.69230769,23
sub-116_task-choose_run-03_bold,0.170537876,25.38461538,33
sub-116_task-choose_run-04_bold,0.150076541,20.63492063,26
sub-116_task-choose_run-05_bold,0.144248761,15.38461538,20
sub-116_task-choose_run-06_bold,0.15589103,17.69230769,23
sub-116_task-choose_run-07_bold,0.154579805,15.38461538,20
sub-116_task-choose_run-08_bold,0.146434265,12.30769231,16
sub-116_task-choose_run-09_bold,0.140786901,11.53846154,15
sub-116_task-gonogo_run-01_bold,0.130590977,4,4
sub-116_task-gonogo_run-02_bold,0.10544596,6.060606061,6
sub-116_task-switch_bold,0.112862189,2.631578947,5
sub-118_task-choose_run-01_bold,0.142812586,19.23076923,25
sub-118_task-choose_run-02_bold,0.126474752,15.50387597,20
sub-118_task-choose_run-03_bold,0.112039763,13.07692308,17
sub-118_task-choose_run-04_bold,0.174429017,25.38461538,33
sub-118_task-choose_run-05_bold,0.144158921,23.84615385,31
sub-118_task-choose_run-06_bold,0.120781285,11.53846154,15
sub-118_task-choose_run-07_bold,0.134739013,15.38461538,20
sub-118_task-choose_run-08_bold,0.076247935,5.384615385,7
sub-118_task-choose_run-09_bold,0.147582162,21.53846154,28
sub-118_task-gonogo_run-01_bold,0.092906079,6.060606061,6
sub-118_task-gonogo_run-02_bold,0.070804986,5.050505051,5
sub-118_task-switch_bold,0.101385377,7.368421053,14
sub-119_task-choose_run-01_bold,0.137159814,18.46153846,24
sub-119_task-choose_run-02_bold,0.113976737,8.461538462,11
sub-119_task-choose_run-03_bold,0.098909632,6.923076923,9
sub-119_task-choose_run-04_bold,0.099729213,6.153846154,8
sub-119_task-choose_run-05_bold,0.12214343,10,13
sub-119_task-choose_run-06_bold,0.108052469,3.100775194,4
sub-119_task-choose_run-07_bold,0.122082086,7.692307692,10
sub-119_task-choose_run-08_bold,0.122095579,12.30769231,16
sub-119_task-choose_run-09_bold,0.093664592,3.846153846,5
sub-119_task-gonogo_run-01_bold,0.107140255,9.090909091,9
sub-119_task-gonogo_run-02_bold,0.134395642,9,9
sub-119_task-switch_bold,0.082059572,2.631578947,5
sub-120_task-choose_run-01_bold,0.09887478,6.153846154,8
sub-120_task-choose_run-02_bold,0.088389947,4.615384615,6
sub-120_task-choose_run-03_bold,0.093398813,6.923076923,9
sub-120_task-choose_run-04_bold,0.098387565,5.384615385,7
sub-120_task-choose_run-05_bold,0.084574192,3.076923077,4
sub-120_task-choose_run-06_bold,0.09620599,3.076923077,4
sub-120_task-choose_run-07_bold,0.106942004,5.384615385,7
sub-120_task-choose_run-08_bold,0.096754322,5.426356589,7
sub-120_task-choose_run-09_bold,0.113677334,10.07751938,13
sub-120_task-gonogo_run-01_bold,0.066842904,4,4
sub-120_task-gonogo_run-02_bold,0.064862091,2,2
sub-120_task-switch_bold,0.098886662,7.368421053,14
sub-121_task-choose_run-01_bold,0.109249709,8.461538462,11
sub-121_task-choose_run-02_bold,0.168137493,18.46153846,24
sub-121_task-choose_run-03_bold,0.085165353,6.153846154,8
sub-121_task-choose_run-04_bold,0.057896617,2.307692308,3
sub-121_task-choose_run-05_bold,0.06045592,3.076923077,4
sub-121_task-choose_run-06_bold,0.047857198,0,0
sub-121_task-choose_run-07_bold,0.053276891,0.769230769,1
sub-121_task-choose_run-08_bold,0.049481006,0,0
sub-121_task-choose_run-09_bold,0.067638099,5.384615385,7
sub-121_task-gonogo_run-01_bold,0.037152988,0,0
sub-121_task-gonogo_run-02_bold,0.049983213,3,3
sub-121_task-switch_bold,0.044093802,2.127659574,4
sub-122_task-choose_run-01_bold,0.355913218,63.07692308,82
sub-122_task-choose_run-02_bold,0.335492888,68.46153846,89
sub-122_task-choose_run-03_bold,0.32346697,73.84615385,96
sub-122_task-choose_run-04_bold,0.32428034,69.23076923,90
sub-122_task-choose_run-05_bold,0.328336855,73.84615385,96
sub-122_task-choose_run-06_bold,0.39948031,80,104
sub-122_task-choose_run-07_bold,0.386321485,75.38461538,98
sub-122_task-choose_run-08_bold,0.514017508,80.76923077,105
sub-122_task-choose_run-09_bold,0.489220729,82.30769231,107
sub-122_task-gonogo_run-01_bold,0.285224687,41,41
sub-122_task-gonogo_run-02_bold,0.336918552,71,71
sub-122_task-switch_bold,0.348067076,63.68421053,121
sub-123_task-choose_run-01_bold,0.13986591,11.53846154,15
sub-123_task-choose_run-02_bold,0.118998778,6.201550388,8
sub-123_task-choose_run-03_bold,0.106689358,3.875968992,5
sub-123_task-choose_run-04_bold,0.12844713,13.07692308,17
sub-123_task-choose_run-05_bold,0.157361763,24.80620155,32
sub-123_task-choose_run-06_bold,0.142018142,18.46153846,24
sub-123_task-choose_run-07_bold,0.179037435,35.38461538,46
sub-123_task-choose_run-08_bold,0.166519558,30,39
sub-123_task-choose_run-09_bold,0.189186043,40.76923077,53
sub-123_task-gonogo_run-01_bold,0.097475085,7.142857143,7
sub-123_task-gonogo_run-02_bold,0.080622728,0,0
sub-123_task-switch_bold,0.104935312,6.349206349,12
sub-124_task-choose_run-01_bold,0.077492457,1.550387597,2
sub-124_task-choose_run-02_bold,0.081286417,2.307692308,3
sub-124_task-choose_run-03_bold,0.089870895,3.076923077,4
sub-124_task-choose_run-04_bold,0.087301529,0,0
sub-124_task-choose_run-05_bold,0.085589858,3.076923077,4
sub-124_task-choose_run-06_bold,0.097686906,4.615384615,6
sub-124_task-choose_run-07_bold,0.079744088,3.100775194,4
sub-124_task-choose_run-08_bold,0.092570113,6.153846154,8
sub-124_task-choose_run-09_bold,0.08911194,3.846153846,5
sub-124_task-gonogo_run-01_bold,0.057127826,0,0
sub-124_task-gonogo_run-02_bold,0.097738925,5,5
sub-124_task-switch_bold,0.057119673,0,0
sub-125_task-choose_run-01_bold,0.202441462,26.15384615,34
sub-125_task-choose_run-02_bold,0.184458204,27.69230769,36
sub-125_task-choose_run-03_bold,0.216323071,40,52
sub-125_task-choose_run-04_bold,0.140816956,16.92307692,22
sub-125_task-choose_run-05_bold,0.156598928,23.07692308,30
sub-125_task-choose_run-06_bold,0.159454377,23.07692308,30
sub-125_task-choose_run-07_bold,0.154473046,23.84615385,31
sub-125_task-choose_run-08_bold,0.170330097,21.70542636,28
sub-125_task-choose_run-09_bold,0.139705298,10,13
sub-125_task-gonogo_run-01_bold,0.083873456,7,7
sub-125_task-gonogo_run-02_bold,0.084178339,5,5
sub-125_task-switch_bold,0.115379516,8.947368421,17
sub-126_task-choose_run-01_bold,0.10791499,6.97674419,9
sub-126_task-choose_run-02_bold,0.06747627,0.76923077,1
sub-126_task-choose_run-03_bold,0.06545485,0.7751938,1
sub-126_task-choose_run-04_bold,0.06038222,0,0
sub-126_task-choose_run-05_bold,0.06504677,0,0
sub-126_task-choose_run-06_bold,0.06891826,0,0
sub-126_task-choose_run-07_bold,0.07536036,1.53846154,2
sub-126_task-choose_run-08_bold,0.07461877,0,0
sub-126_task-choose_run-09_bold,0.0855925,0.7751938,1
sub-126_task-gonogo_run-01_bold,0.06661108,2.02020202,2
sub-126_task-gonogo_run-02_bold,0.04798049,0,0
sub-126_task-switch_bold,0.06185531,0.52910053,1
sub-127_task-choose_run-01_bold,0.26011805,63.0769231,82
sub-127_task-choose_run-02_bold,0.30677027,72.3076923,94
sub-127_task-choose_run-03_bold,0.26391328,55.3846154,72
sub-127_task-choose_run-04_bold,0.34894125,73.0769231,95
sub-127_task-choose_run-05_bold,0.28752023,60.7692308,79
sub-127_task-choose_run-06_bold,0.31465266,66.9230769,87
sub-127_task-choose_run-07_bold,0.34719901,75.3846154,98
sub-127_task-choose_run-08_bold,0.33495041,72.3076923,94
sub-127_task-choose_run-09_bold,0.30726286,63.8461538,83
sub-127_task-gonogo_run-01_bold,0.2573307,66,66
sub-127_task-gonogo_run-02_bold,0.32995629,70,70
sub-127_task-switch_bold,0.24714716,60.8465608,115
sub-128_task-choose_run-01_bold,0.15418736,26.9230769,35
sub-128_task-choose_run-02_bold,0.16685232,23.8461538,31
sub-128_task-choose_run-03_bold,0.16899015,32.5581395,42
sub-128_task-choose_run-04_bold,0.17853597,31.0077519,40
sub-128_task-choose_run-05_bold,0.19541046,36.1538462,47
sub-128_task-choose_run-06_bold,0.22351567,42.3076923,55
sub-128_task-choose_run-07_bold,0.15766987,29.2307692,38
sub-128_task-choose_run-08_bold,0.18316618,35.3846154,46
sub-128_task-choose_run-09_bold,0.17977186,35.9375,46
sub-128_task-gonogo_run-01_bold,0.19876224,22.2222222,22
sub-128_task-gonogo_run-02_bold,0.13351234,17,17
sub-128_task-switch_bold,0.15405125,22.1052632,42
sub-129_task-choose_run-01_bold,0.04038524,0,0
sub-129_task-choose_run-02_bold,0.04214819,1.53846154,2
sub-129_task-choose_run-03_bold,0.03810154,0.7751938,1
sub-129_task-choose_run-04_bold,0.05495999,3.07692308,4
sub-129_task-choose_run-05_bold,0.05672445,3.84615385,5
sub-129_task-choose_run-06_bold,0.05699798,3.84615385,5
sub-129_task-choose_run-07_bold,0.0595411,3.07692308,4
sub-129_task-choose_run-08_bold,0.06594583,7.69230769,10
sub-129_task-choose_run-09_bold,0.0848639,9.23076923,12
sub-129_task-gonogo_run-01_bold,0.11466297,13,13
sub-129_task-gonogo_run-02_bold,0.11519103,11,11
sub-129_task-switch_bold,0.04528656,0.52910053,1
sub-130_task-choose_run-01_bold,0.0904091,2.30769231,3
sub-130_task-choose_run-02_bold,0.104871,6.15384615,8
sub-130_task-choose_run-03_bold,0.11132703,8.59375,11
sub-130_task-choose_run-04_bold,0.1218554,8.46153846,11
sub-130_task-choose_run-05_bold,0.0909499,1.53846154,2
sub-130_task-choose_run-06_bold,0.10627166,6.97674419,9
sub-130_task-choose_run-07_bold,0.12265598,8.46153846,11
sub-130_task-choose_run-08_bold,0.12050646,7.69230769,10
sub-130_task-choose_run-09_bold,0.10746144,3.87596899,5
sub-130_task-gonogo_run-01_bold,0.04915004,0,0
sub-130_task-gonogo_run-02_bold,0.07024193,6.18556701,6
sub-130_task-switch_bold,0.06457809,3.15789474,6
sub-131_task-choose_run-01_bold,0.09865974,6.92307692,9
sub-131_task-choose_run-02_bold,0.12220925,14.84375,19
sub-131_task-choose_run-03_bold,0.05741544,0,0
sub-131_task-choose_run-04_bold,0.0716661,4.61538462,6
sub-131_task-choose_run-05_bold,0.08805793,5.38461538,7
sub-131_task-choose_run-06_bold,0.09249835,6.92307692,9
sub-131_task-choose_run-07_bold,0.08777646,6.92307692,9
sub-131_task-choose_run-08_bold,0.09832266,6.15384615,8
sub-131_task-choose_run-09_bold,0.10656834,12.3076923,16
sub-131_task-gonogo_run-01_bold,0.08437815,5.10204082,5
sub-131_task-gonogo_run-02_bold,0.08218211,2.04081633,2
sub-131_task-switch_bold,0.10294208,7.36842105,14
sub-132_task-choose_run-01_bold,0.06977778,0,0
sub-132_task-choose_run-02_bold,0.06203206,0.76923077,1
sub-132_task-choose_run-03_bold,0.06110445,0.76923077,1
sub-132_task-choose_run-04_bold,0.09074635,6.92307692,9
sub-132_task-choose_run-05_bold,0.07282096,0.7751938,1
sub-132_task-choose_run-06_bold,0.11308784,12.3076923,16
sub-132_task-choose_run-07_bold,0.08408538,3.84615385,5
sub-132_task-choose_run-08_bold,0.11656491,3.07692308,4
sub-132_task-choose_run-09_bold,0.07856819,2.3255814,3
sub-133_task-choose_run-01_bold,0.06726548,0.76923077,1
sub-133_task-choose_run-02_bold,0.07564106,0,0
sub-133_task-choose_run-03_bold,0.06961575,0,0
sub-133_task-choose_run-04_bold,0.06727917,0,0
sub-133_task-choose_run-05_bold,0.0668022,1.53846154,2
sub-133_task-choose_run-06_bold,0.06479655,0.76923077,1
sub-133_task-choose_run-07_bold,0.06794295,0,0
sub-133_task-choose_run-08_bold,0.07135872,0.76923077,1
sub-133_task-choose_run-09_bold,0.06540051,1.53846154,2
sub-133_task-gonogo_run-01_bold,0.0672999,0,0
sub-133_task-gonogo_run-02_bold,0.06905245,1,1
sub-133_task-switch_bold,0.0836291,3.68421053,7
sub-134_task-choose_run-01_bold,0.08551153,1.53846154,2
sub-134_task-choose_run-02_bold,0.09506693,5.42635659,7
sub-134_task-choose_run-03_bold,0.10837389,4.61538462,6
sub-134_task-choose_run-04_bold,0.09889619,5.38461538,7
sub-134_task-choose_run-05_bold,0.12182231,13.0769231,17
sub-134_task-choose_run-06_bold,0.09288662,3.07692308,4
sub-134_task-choose_run-07_bold,0.11178085,10,13
sub-134_task-choose_run-08_bold,0.13569142,13.0769231,17
sub-134_task-choose_run-09_bold,0.1639898,20.7692308,27
sub-134_task-gonogo_run-01_bold,0.07959267,6,6
sub-134_task-gonogo_run-02_bold,0.06890176,0,0
sub-134_task-switch_bold,0.13121013,14.2105263,27
sub-135_task-choose_run-01_bold,0.08928212,0.7751938,1
sub-135_task-choose_run-02_bold,0.09314278,1.5503876,2
sub-135_task-choose_run-03_bold,0.09104016,3.07692308,4
sub-135_task-choose_run-04_bold,0.0953218,1.5503876,2
sub-135_task-choose_run-05_bold,0.10641866,6.15384615,8
sub-135_task-choose_run-06_bold,0.10965592,8.46153846,11
sub-135_task-choose_run-07_bold,0.11407923,8.46153846,11
sub-135_task-choose_run-08_bold,0.092004,0.7751938,1
sub-135_task-choose_run-09_bold,0.09938267,6.92307692,9
sub-135_task-gonogo_run-01_bold,0.09560576,4.04040404,4
sub-135_task-gonogo_run-02_bold,0.08535358,0,0
sub-135_task-switch_bold,0.10736994,9.04255319,17
sub-136_task-choose_run-01_bold,0.06001154,0.76923077,1
sub-136_task-choose_run-02_bold,0.06234809,0,0
sub-136_task-choose_run-03_bold,0.07003228,0,0
sub-136_task-choose_run-04_bold,0.07019737,0.76923077,1
sub-136_task-choose_run-05_bold,0.07887347,0,0
sub-136_task-choose_run-06_bold,0.08444815,0.76923077,1
sub-136_task-choose_run-07_bold,0.08309582,0.76923077,1
sub-136_task-choose_run-08_bold,0.09844393,5.38461538,7
sub-136_task-choose_run-09_bold,0.1159306,10,13
sub-136_task-gonogo_run-01_bold,0.06510692,0,0
sub-136_task-gonogo_run-02_bold,0.06442272,3,3
sub-136_task-switch_bold,0.08061968,2.10526316,4
sub-137_task-choose_run-01_bold,0.09115163,3.84615385,5
sub-137_task-choose_run-02_bold,0.08319537,3.07692308,4
sub-137_task-choose_run-03_bold,0.07693463,1.5625,2
sub-137_task-choose_run-04_bold,0.13435589,16.9230769,22
sub-137_task-choose_run-05_bold,0.1104902,9.23076923,12
sub-137_task-choose_run-06_bold,0.17263464,10.7692308,14
sub-137_task-choose_run-07_bold,0.18150423,14.6153846,19
sub-137_task-choose_run-08_bold,0.18320216,10.7692308,14
sub-137_task-choose_run-09_bold,0.13571125,10.0775194,13
sub-137_task-gonogo_run-01_bold,0.13060695,11,11
sub-137_task-gonogo_run-02_bold,0.09336963,8,8
sub-137_task-switch_bold,0.13595524,16.8421053,32
sub-138_task-choose_run-01_bold,0.16709075,24.6153846,32
sub-138_task-choose_run-02_bold,0.15486439,24.8062016,32
sub-138_task-choose_run-03_bold,0.15926589,24.6153846,32
sub-138_task-choose_run-04_bold,0.19954016,47.6923077,62
sub-138_task-choose_run-05_bold,0.18398095,39.2307692,51
sub-138_task-choose_run-06_bold,0.16899149,26.9230769,35
sub-138_task-choose_run-07_bold,0.18080956,34.6153846,45
sub-138_task-choose_run-08_bold,0.19118858,36.9230769,48
sub-138_task-choose_run-09_bold,0.16309039,27.9069767,36
sub-138_task-gonogo_run-01_bold,0.11546794,8,8
sub-138_task-gonogo_run-02_bold,0.11834578,7,7
sub-138_task-switch_bold,0.13914399,18.4210526,35
sub-139_task-choose_run-01_bold,0.13967766,19.379845,25
sub-139_task-choose_run-02_bold,0.13339885,17.6923077,23
sub-139_task-choose_run-03_bold,0.12891807,20.9302326,27
sub-139_task-choose_run-04_bold,0.15698517,24.0310078,31
sub-139_task-choose_run-05_bold,0.12744848,15.3846154,20
sub-139_task-choose_run-06_bold,0.13099591,17.6923077,23
sub-139_task-choose_run-07_bold,0.13279292,16.1538462,21
sub-139_task-choose_run-08_bold,0.12244665,11.5384615,15
sub-139_task-choose_run-09_bold,0.11973493,11.5384615,15
sub-139_task-gonogo_run-01_bold,0.09499683,3.09278351,3
sub-139_task-gonogo_run-02_bold,0.1060126,3.19148936,3
sub-139_task-switch_bold,0.11439424,6.87830688,13
sub-140_task-choose_run-01_bold,0.07391431,0,0
sub-140_task-choose_run-02_bold,0.07209068,4.61538462,6
sub-140_task-choose_run-03_bold,0.06864046,1.53846154,2
sub-140_task-choose_run-04_bold,0.08025408,6.15384615,8
sub-140_task-choose_run-05_bold,0.11005668,7.69230769,10
sub-140_task-choose_run-06_bold,0.13712691,19.2307692,25
sub-140_task-choose_run-07_bold,0.10615865,7.69230769,10
sub-140_task-choose_run-08_bold,0.13815949,18.4615385,24
sub-140_task-choose_run-09_bold,0.09643086,7.69230769,10
sub-140_task-gonogo_run-01_bold,0.07309355,4,4
sub-140_task-gonogo_run-02_bold,0.05983122,2.02020202,2
sub-140_task-switch_bold,0.08473988,4.21052632,8
sub-142_task-choose_run-01_bold,0.0929747,6.15384615,8
sub-142_task-choose_run-02_bold,0.0832531,2.30769231,3
sub-142_task-choose_run-03_bold,0.07945203,0,0
sub-142_task-choose_run-04_bold,0.08824273,3.84615385,5
sub-142_task-choose_run-05_bold,0.11304644,16.1538462,21
sub-142_task-choose_run-06_bold,0.08224951,3.07692308,4
sub-142_task-choose_run-07_bold,0.0994209,8.46153846,11
sub-142_task-choose_run-08_bold,0.0825249,3.84615385,5
sub-142_task-choose_run-09_bold,0.1010603,6.15384615,8
sub-142_task-gonogo_run-01_bold,0.13200453,20.2020202,20
sub-142_task-gonogo_run-02_bold,0.09106323,6,6
sub-142_task-switch_bold,0.08634288,5.26315789,10
sub-143_task-choose_run-01_bold,0.06970259,1.53846154,2
sub-143_task-choose_run-02_bold,0.09278617,3.07692308,4
sub-143_task-choose_run-03_bold,0.07994303,1.53846154,2
sub-143_task-choose_run-04_bold,0.08453617,1.5503876,2
sub-143_task-choose_run-05_bold,0.07562138,0.8,1
sub-143_task-choose_run-06_bold,0.07515604,2.30769231,3
sub-143_task-choose_run-07_bold,0.06996796,0.76923077,1
sub-143_task-choose_run-08_bold,0.07316206,0.76923077,1
sub-143_task-choose_run-09_bold,0.08358404,3.84615385,5
sub-143_task-gonogo_run-01_bold,0.06051815,0,0
sub-143_task-gonogo_run-02_bold,0.05535803,0,0
sub-143_task-switch_bold,0.07680526,3.15789474,6
sub-144_task-choose_run-01_bold,0.08952967,0,0
sub-144_task-choose_run-02_bold,0.08544029,0,0
sub-144_task-choose_run-03_bold,0.0957145,3.84615385,5
sub-144_task-choose_run-04_bold,0.09578569,1.53846154,2
sub-144_task-choose_run-05_bold,0.15277935,23.8461538,31
sub-144_task-choose_run-06_bold,0.12018544,8.46153846,11
sub-144_task-choose_run-07_bold,0.10872401,5.38461538,7
sub-144_task-choose_run-08_bold,0.1317637,13.0769231,17
sub-144_task-choose_run-09_bold,0.10159261,2.30769231,3
sub-144_task-gonogo_run-01_bold,0.06217232,0,0
sub-144_task-gonogo_run-02_bold,0.08742061,1,1
sub-144_task-switch_bold,0.09295196,3.15789474,6
sub-145_task-choose_run-01_bold,0.11521806,5.42635659,7
sub-145_task-choose_run-02_bold,0.12293764,7.75193798,10
sub-145_task-choose_run-03_bold,0.10156051,4.65116279,6
sub-145_task-choose_run-04_bold,0.11548027,12.3076923,16
sub-145_task-choose_run-05_bold,0.12332497,13.1782946,17
sub-145_task-choose_run-06_bold,0.11283245,6.15384615,8
sub-145_task-choose_run-07_bold,0.13767183,14.6153846,19
sub-145_task-choose_run-08_bold,0.11179785,7.03125,9
sub-145_task-choose_run-09_bold,0.12749352,8.46153846,11
sub-145_task-gonogo_run-01_bold,0.08337185,6,6
sub-145_task-gonogo_run-02_bold,0.08243676,3.125,3
sub-145_task-switch_bold,0.12099857,6.34920635,12
sub-146_task-choose_run-01_bold,0.09703971,3.87596899,5
sub-146_task-choose_run-02_bold,0.12704695,10.0775194,13
sub-146_task-choose_run-03_bold,0.1349109,10.0775194,13
sub-146_task-choose_run-04_bold,0.18133973,27.9069767,36
sub-146_task-choose_run-05_bold,0.1609929,20.1550388,26
sub-146_task-choose_run-06_bold,0.16740128,20.1550388,26
sub-146_task-choose_run-07_bold,0.18864487,31.0077519,40
sub-146_task-choose_run-08_bold,0.2712067,45.7364341,59
sub-146_task-choose_run-09_bold,0.13254967,11.627907,15
sub-146_task-gonogo_run-01_bold,0.10760664,5.05050505,5
sub-146_task-gonogo_run-02_bold,0.12125815,8.08080808,8
sub-146_task-switch_bold,0.14265835,13.2275132,25
sub-147_task-choose_run-01_bold,0.1391074,20.7692308,27
sub-147_task-choose_run-02_bold,0.13964782,8.46153846,11
sub-147_task-choose_run-03_bold,0.13300411,10,13
sub-147_task-choose_run-04_bold,0.14204405,14.7286822,19
sub-147_task-choose_run-05_bold,0.13070793,6.92307692,9
sub-147_task-choose_run-06_bold,0.14247782,11.5384615,15
sub-147_task-choose_run-07_bold,0.13424289,10.0775194,13
sub-147_task-choose_run-08_bold,0.14452532,10,13
sub-147_task-choose_run-09_bold,0.13405841,6.97674419,9
sub-147_task-gonogo_run-01_bold,0.11414926,0,0
sub-147_task-gonogo_run-02_bold,0.11058992,0,0
sub-147_task-switch_bold,0.13419047,6.87830688,13
sub-148_task-choose_run-01_bold,0.10395734,6.15384615,8
sub-148_task-choose_run-02_bold,0.0925321,0.76923077,1
sub-148_task-choose_run-03_bold,0.08168214,0.76923077,1
sub-148_task-choose_run-04_bold,0.08817455,0,0
sub-148_task-choose_run-05_bold,0.08436655,0,0
sub-148_task-choose_run-06_bold,0.07900915,0,0
sub-148_task-choose_run-07_bold,0.08040068,0,0
sub-148_task-choose_run-08_bold,0.07854445,1.5503876,2
sub-148_task-choose_run-09_bold,0.08019729,0,0
sub-148_task-gonogo_run-01_bold,0.07027652,0,0
sub-148_task-gonogo_run-02_bold,0.0689451,0,0
sub-148_task-switch_bold,0.08040261,0.52631579,1
sub-149_task-choose_run-01_bold,0.23242394,50.7692308,66
sub-149_task-choose_run-02_bold,0.18739731,39.2307692,51
sub-149_task-choose_run-03_bold,0.20722878,43.0769231,56
sub-149_task-choose_run-04_bold,0.12332122,8.46153846,11
sub-149_task-choose_run-05_bold,0.16077274,23.8461538,31
sub-149_task-choose_run-06_bold,0.17704531,33.0769231,43
sub-149_task-choose_run-07_bold,0.16124982,26.9230769,35
sub-149_task-choose_run-08_bold,0.16251002,24.6153846,32
sub-149_task-choose_run-09_bold,0.19181173,38.4615385,50
sub-149_task-gonogo_run-01_bold,0.09371403,4,4
sub-149_task-gonogo_run-02_bold,0.10095994,4,4
sub-149_task-switch_bold,0.16116281,22.1052632,42
sub-150_task-choose_run-01_bold,0.10885004,9.23076923,12
sub-150_task-choose_run-02_bold,0.19460627,23.255814,30
sub-150_task-choose_run-03_bold,0.16880551,11.8110236,15
sub-150_task-choose_run-04_bold,0.24565598,25.5813953,33
sub-150_task-choose_run-05_bold,0.09012565,7.75193798,10
sub-150_task-choose_run-06_bold,0.07718204,3.10077519,4
sub-150_task-choose_run-07_bold,0.13253087,6.92307692,9
sub-150_task-choose_run-08_bold,0.13251319,13.0769231,17
sub-150_task-choose_run-09_bold,0.13234168,14.6153846,19
sub-150_task-gonogo_run-01_bold,0.20777738,14,14
sub-150_task-gonogo_run-02_bold,0.39020782,39.3939394,39
sub-150_task-switch_bold,0.13146886,13.1578947,25
sub-151_task-choose_run-01_bold,0.31929241,44.9612403,58
sub-151_task-choose_run-02_bold,0.53603034,47.6923077,62
sub-151_task-choose_run-03_bold,0.66835987,39.2307692,51
sub-151_task-choose_run-04_bold,0.76693334,42.3076923,55
sub-151_task-choose_run-05_bold,0.3022757,53.0769231,69
sub-151_task-choose_run-06_bold,0.20693592,46.1538462,60
sub-152_task-choose_run-01_bold,0.08577113,3.84615385,5
sub-152_task-choose_run-02_bold,0.08110066,3.10077519,4
sub-152_task-choose_run-03_bold,0.07898938,3.87596899,5
sub-152_task-choose_run-04_bold,0.07879295,2.30769231,3
sub-152_task-choose_run-05_bold,0.08468597,6.97674419,9
sub-152_task-choose_run-06_bold,0.18118599,8.46153846,11
sub-152_task-choose_run-07_bold,0.28022661,18.4615385,24
sub-152_task-choose_run-08_bold,0.10139767,3.10077519,4
sub-152_task-choose_run-09_bold,0.11251271,7.69230769,10
sub-152_task-gonogo_run-01_bold,0.19008329,6,6
sub-152_task-gonogo_run-02_bold,0.17772175,5.05050505,5
sub-152_task-switch_bold,0.07891803,1.57894737,3
sub-153_task-choose_run-01_bold,0.11760959,8.52713178,11
sub-153_task-choose_run-02_bold,0.13883938,16.1538462,21
sub-153_task-choose_run-03_bold,0.10644493,6.20155039,8
sub-153_task-choose_run-04_bold,0.10986615,10.0775194,13
sub-153_task-choose_run-05_bold,0.11904898,11.627907,15
sub-153_task-choose_run-06_bold,0.11462648,6.97674419,9
sub-153_task-choose_run-07_bold,0.12535247,10.7692308,14
sub-153_task-choose_run-08_bold,0.14334592,17.0542636,22
sub-153_task-choose_run-09_bold,0.12414909,13.0769231,17
sub-153_task-gonogo_run-01_bold,0.07933923,0,0
sub-153_task-gonogo_run-02_bold,0.07951066,0,0
sub-153_task-switch_bold,0.08381561,1.57894737,3
sub-154_task-choose_run-01_bold,0.09223293,3.07692308,4
sub-154_task-choose_run-02_bold,0.10542871,6.92307692,9
sub-154_task-choose_run-03_bold,0.09919322,2.3255814,3
sub-154_task-choose_run-04_bold,0.10265756,3.10077519,4
sub-154_task-choose_run-05_bold,0.10386989,4.65116279,6
sub-154_task-choose_run-06_bold,0.09862081,3.10077519,4
sub-154_task-choose_run-07_bold,0.09909963,1.5625,2
sub-154_task-choose_run-08_bold,0.11338003,4.65116279,6
sub-154_task-choose_run-09_bold,0.09273537,0,0
sub-154_task-gonogo_run-01_bold,0.0714513,2,2
sub-154_task-gonogo_run-02_bold,0.06667992,4,4
sub-154_task-switch_bold,0.08722716,4.21052632,8
sub-155_task-choose_run-01_bold,0.08844702,1.53846154,2
sub-155_task-choose_run-02_bold,0.08655614,0.76923077,1
sub-155_task-choose_run-03_bold,0.1000039,2.30769231,3
sub-155_task-choose_run-04_bold,0.113776,6.97674419,9
sub-155_task-choose_run-05_bold,0.10437162,0,0
sub-155_task-choose_run-06_bold,0.1201462,6.15384615,8
sub-155_task-choose_run-07_bold,0.12600034,7.69230769,10
sub-155_task-choose_run-08_bold,0.15627023,15.503876,20
sub-155_task-choose_run-09_bold,0.17760732,23.8461538,31
sub-155_task-gonogo_run-01_bold,0.07314175,2,2
sub-155_task-gonogo_run-02_bold,0.08828591,5,5
sub-155_task-switch_bold,0.14586322,14.2105263,27
sub-156_task-choose_run-01_bold,0.07691828,4.65116279,6
sub-156_task-choose_run-02_bold,0.08071954,8.52713178,11
sub-156_task-choose_run-03_bold,0.09397879,9.30232558,12
sub-156_task-choose_run-04_bold,0.13949869,14.6153846,19
sub-156_task-choose_run-05_bold,0.19234034,27.9069767,36
sub-156_task-choose_run-06_bold,0.16103626,23.0769231,30
sub-156_task-choose_run-07_bold,0.12756708,13.8461538,18
sub-156_task-choose_run-08_bold,0.17105405,26.1538462,34
sub-156_task-choose_run-09_bold,0.1147585,11.5384615,15
sub-156_task-gonogo_run-01_bold,0.09570053,11.1111111,11
sub-156_task-gonogo_run-02_bold,0.08792021,9.09090909,9
sub-156_task-switch_bold,0.12329495,13.2275132,25
sub-157_task-choose_run-01_bold,0.12291544,6.92307692,9
sub-157_task-choose_run-02_bold,0.10361552,0,0
sub-157_task-choose_run-03_bold,0.10013734,2.34375,3
sub-157_task-choose_run-04_bold,0.08374375,0,0
sub-157_task-choose_run-05_bold,0.07658671,0.7751938,1
sub-157_task-choose_run-06_bold,0.09460884,0,0
sub-157_task-choose_run-07_bold,0.0885921,0,0
sub-157_task-choose_run-08_bold,0.08679584,0.7751938,1
sub-157_task-choose_run-09_bold,0.08327948,0,0
sub-157_task-gonogo_run-01_bold,0.06800673,0,0
sub-157_task-gonogo_run-02_bold,0.07550248,0,0
sub-157_task-switch_bold,0.08510148,0.52910053,1
sub-158_task-choose_run-01_bold,0.13369475,13.1782946,17
sub-158_task-choose_run-02_bold,0.10478845,3.10077519,4
sub-158_task-choose_run-03_bold,0.08153718,0.76923077,1
sub-158_task-choose_run-04_bold,0.08706624,0.7751938,1
sub-158_task-choose_run-05_bold,0.11754348,8.52713178,11
sub-158_task-choose_run-06_bold,0.0963591,3.10077519,4
sub-158_task-choose_run-07_bold,0.08830086,3.10077519,4
sub-158_task-choose_run-08_bold,0.08957793,3.07692308,4
sub-158_task-choose_run-09_bold,0.08437722,2.30769231,3
sub-158_task-gonogo_run-01_bold,0.13933702,14.1414141,14
sub-158_task-gonogo_run-02_bold,0.12782464,6,6
sub-158_task-switch_bold,0.09771884,6.34920635,12
sub-159_task-choose_run-01_bold,0.11339731,2.3255814,3
sub-159_task-choose_run-02_bold,0.14538538,17.6923077,23
sub-159_task-choose_run-03_bold,0.16961358,14.6153846,19
sub-159_task-choose_run-04_bold,0.17678552,18.4615385,24
sub-159_task-choose_run-05_bold,0.1807813,18.6046512,24
sub-159_task-choose_run-06_bold,0.20669155,28.6821705,37
sub-159_task-choose_run-07_bold,0.24669914,27.9069767,36
sub-159_task-choose_run-08_bold,0.36409966,44.9612403,58
sub-159_task-choose_run-09_bold,0.33889977,49.2307692,64
sub-159_task-gonogo_run-01_bold,0.23812746,29,29
sub-159_task-gonogo_run-02_bold,0.22035271,23.2323232,23
sub-159_task-switch_bold,0.15586228,16.4021164,31
sub-160_task-choose_run-01_bold,0.1394254,15.3846154,20
sub-160_task-choose_run-02_bold,0.14002503,20.7692308,27
sub-160_task-choose_run-03_bold,0.15686136,26.9230769,35
sub-160_task-choose_run-04_bold,0.22106386,44.6153846,58
sub-160_task-choose_run-05_bold,0.25144234,46.9230769,61
sub-160_task-choose_run-06_bold,0.10066009,3.07692308,4
sub-160_task-choose_run-07_bold,0.15563695,16.9230769,22
sub-160_task-choose_run-08_bold,0.12547835,10,13
sub-160_task-choose_run-09_bold,0.22754924,44.6153846,58
sub-160_task-gonogo_run-01_bold,0.11437162,4,4
sub-160_task-gonogo_run-02_bold,0.18064421,26.2626263,26
sub-160_task-switch_bold,0.18242985,16.8421053,32
sub-161_task-choose_run-01_bold,0.1323417,18.4615385,24
sub-161_task-choose_run-02_bold,0.13536002,17.6923077,23
sub-161_task-choose_run-03_bold,0.15843336,28.4615385,37
sub-161_task-choose_run-04_bold,0.21497151,40,52
sub-161_task-choose_run-05_bold,0.21517383,36.9230769,48
sub-161_task-choose_run-06_bold,0.33637496,48.4615385,63
sub-161_task-choose_run-07_bold,0.27199257,43.8461538,57
sub-161_task-choose_run-08_bold,0.35857642,60.7692308,79
sub-161_task-choose_run-09_bold,0.2744635,40.7692308,53
sub-161_task-gonogo_run-01_bold,0.30877583,46,46
sub-161_task-gonogo_run-02_bold,0.26172572,44,44
sub-161_task-switch_bold,0.29520073,47.8947368,91
sub-162_task-choose_run-01_bold,0.08037176,0.7751938,1
sub-162_task-choose_run-02_bold,0.08141994,0.81967213,1
sub-162_task-choose_run-03_bold,0.09644581,4.65116279,6
sub-162_task-choose_run-04_bold,0.0820508,1.5503876,2
sub-162_task-choose_run-05_bold,0.11660043,12.4031008,16
sub-162_task-choose_run-06_bold,0.0912617,4.65116279,6
sub-162_task-choose_run-07_bold,0.10309364,3.87596899,5
sub-162_task-choose_run-08_bold,0.1040631,3.87596899,5
sub-162_task-choose_run-09_bold,0.08792797,3.07692308,4
sub-162_task-gonogo_run-01_bold,0.06294165,0,0
sub-162_task-gonogo_run-02_bold,0.06851175,3,3
sub-162_task-switch_bold,0.10141855,4.73684211,9
sub-163_task-choose_run-01_bold,0.08876794,0,0
sub-163_task-choose_run-02_bold,0.07768726,0,0
sub-163_task-choose_run-03_bold,0.08182896,0.7751938,1
sub-163_task-choose_run-04_bold,0.07629714,0,0
sub-163_task-choose_run-05_bold,0.08131032,0,0
sub-163_task-choose_run-06_bold,0.0702695,0,0
sub-163_task-choose_run-07_bold,0.07601518,0,0
sub-163_task-choose_run-08_bold,0.07689846,1.53846154,2
sub-163_task-choose_run-09_bold,0.06842731,0.76923077,1
sub-163_task-gonogo_run-01_bold,0.05722727,0,0
sub-163_task-gonogo_run-02_bold,0.07764512,4.04040404,4
sub-163_task-switch_bold,0.06696553,0.52631579,1
sub-164_task-choose_run-01_bold,0.14147256,13.8461538,18
sub-164_task-choose_run-02_bold,0.13181726,4.61538462,6
sub-164_task-choose_run-03_bold,0.12346101,4.61538462,6
sub-164_task-choose_run-04_bold,0.13010836,5.42635659,7
sub-164_task-choose_run-05_bold,0.1131874,3.07692308,4
sub-164_task-choose_run-06_bold,0.10802106,3.10077519,4
sub-164_task-choose_run-07_bold,0.12951386,14.7286822,19
sub-164_task-choose_run-08_bold,0.10130394,2.3255814,3
sub-164_task-choose_run-09_bold,0.15530384,16.1538462,21
sub-164_task-gonogo_run-01_bold,0.09995441,2,2
sub-164_task-gonogo_run-02_bold,0.11523872,2.02020202,2
sub-164_task-switch_bold,0.12298085,3.15789474,6